Reviewer Name,Review Date,Review Content
0***7,15 Oct 2022,selamat sampai.tq seller...
Nour A.,01 Oct 2022,"items are so well bubble-wrapped no chance of leaking or broken jars at all..great customer serivce. delivery fast too. good job seller, rider n lazada.expiry feb 2023. still a long way to go. thumbs up"
Syahrir S.,23 Apr 2024,"Flavour:pedas berapi!!

authentic product. no regrets!!
your butt may regrets it. I so far ok je hehe"
N***.,23 Jan 2024,Delivery laju sambal ni memang fav ! I received with good condition bubble wrap tebal gils . Tq seller
M***.,17 Apr 2023,"Packed well by seller with thick layers of bubble wrapğŸ‘ğŸ¼ğŸ‘ğŸ¼ğŸ‘ğŸ¼
Sambal looks good. 
Letâ€™s see what is the hype about - the taste that is"
0***7,15 Oct 2022,selamat sampai.tq seller...
Nour A.,01 Oct 2022,"items are so well bubble-wrapped no chance of leaking or broken jars at all..great customer serivce. delivery fast too. good job seller, rider n lazada.expiry feb 2023. still a long way to go. thumbs up"
Syahrir S.,23 Apr 2024,"Flavour:pedas berapi!!

authentic product. no regrets!!
your butt may regrets it. I so far ok je hehe"
N***.,23 Jan 2024,Delivery laju sambal ni memang fav ! I received with good condition bubble wrap tebal gils . Tq seller
M***.,17 Apr 2023,"Packed well by seller with thick layers of bubble wrapğŸ‘ğŸ¼ğŸ‘ğŸ¼ğŸ‘ğŸ¼
Sambal looks good. 
Letâ€™s see what is the hype about - the taste that is"
0***7,15 Oct 2022,selamat sampai.tq seller...
Nour A.,01 Oct 2022,"items are so well bubble-wrapped no chance of leaking or broken jars at all..great customer serivce. delivery fast too. good job seller, rider n lazada.expiry feb 2023. still a long way to go. thumbs up"
Syahrir S.,23 Apr 2024,"Flavour:pedas berapi!!

authentic product. no regrets!!
your butt may regrets it. I so far ok je hehe"
N***.,23 Jan 2024,Delivery laju sambal ni memang fav ! I received with good condition bubble wrap tebal gils . Tq seller
M***.,17 Apr 2023,"Packed well by seller with thick layers of bubble wrapğŸ‘ğŸ¼ğŸ‘ğŸ¼ğŸ‘ğŸ¼
Sambal looks good. 
Letâ€™s see what is the hype about - the taste that is"
Tan C.,09 Jan 2025,"Fast delivery, good packing. Nuts are fresh and crunchy. Most convenient for snack while watching TV. Easy storage. Will order again"
Mohd A.,20 Mar 2024,"Barang telah diterima dengan selamat dan penghantaran adalah cepat. Tq seller.Indulge in the authentic flavors of Malaysia., Indulge in the authentic flavors of Malaysia.,"
Tan C.,05 Jan 2025,"Good packing, good received in good condition. Yummy and very spicy. Convenience to spice up dish"
A***.,23 Dec 2024,"Delicious sambal with a fiery kick!, Spicy and flavorful sambal!, Made with organic ingredients.,"
Akhyar A.,13 Nov 2024,ğŸ˜‹Taste:good
WUKONG69,18 Nov 2024,sedap enak delicious lazat. testimoninya? gambar saya takde kena mengena pun sebab dah habis sekali telan botol.
A***a,28 Jan 2024,Value for Money:secukup rasa dan rasa pedas yang menyengat
J***.,21 Oct 2024,ğŸ’²Price:reasonable and delivery fast ...baik utk nasi  goreng rasa sedap
A***.,16 Mar 2024,"Value for Money:dpt harga berbaloi 
 Flavour:tak cuba lagi tapi tahu dah mesti sebab Khairul Aming punya"
S***Y,17 Mar 2024,"Halal certified, suitable for all., Spicy and flavorful sambal!, Indulge in the authentic flavors of Malaysia., Delicious sambal with a fiery kick!, Authentic taste of Malaysia!, The perfect condiment for your meals., perfect packaging with thick bubble wrap to ensurw no damage of fragile items. tq seller who is so attentive to me and deliver within the nwxt day after order...please keep up the great job. My entire family love the sambal and make my meal prep eaaier and faster with ready condiments like this perfect samnal nyet..tqtqtqğŸ¥° Can buy for gifts too yeayy..will definitely be your regular customer..heheğŸ¤©tq seller and lazada....and delivery guy too for handling with care..tqtq"
